Player,Season,Team,Avg_Total_Passes
A.J. Lawson,2022-23,DAL,0.776
A.J. Lawson,2022-23,MIN,1.0
Aaron Brooks,2013-14,DEN,2.973333333333333
Aaron Brooks,2013-14,HOU,1.7200000000000002
Aaron Gordon,2020-21,DEN,1.6307692307692307
Aaron Gordon,2020-21,ORL,2.981333333333333
Aaron Gray,2013-14,SAC,0.8961538461538461
Aaron Gray,2013-14,TOR,1.5
Aaron Holiday,2021-22,WAS,1.3164705882352943
Adonis Thomas,2013-14,ORL,0.8325
Adonis Thomas,2013-14,PHI,0.9285714285714286
Adreian Payne,2014-15,ATL,1.1885714285714286
Adreian Payne,2014-15,MIN,2.122
Al-Farouq Aminu,2020-21,CHI,1.072142857142857
Al-Farouq Aminu,2020-21,ORL,1.937142857142857
Alec Burks,2018-19,CLE,2.0988235294117645
Alec Burks,2018-19,SAC,0.8453846153846155
Alec Burks,2018-19,UTA,1.0807142857142857
Alec Burks,2019-20,GSW,2.878571428571429
Alec Burks,2019-20,PHI,1.8376923076923075
Alec Burks,2023-24,DET,1.1994117647058826
Alec Burks,2023-24,NYK,1.2791666666666666
Aleksej Pokusevski,2023-24,OKC,0.5230769230769231
Alex Len,2019-20,ATL,1.49
Alex Len,2019-20,SAC,1.671
Alex Len,2020-21,TOR,1.1775
Alex Len,2020-21,WAS,1.1885714285714286
Alex Stepheson,2015-16,LAC,0.49750000000000005
Alex Stepheson,2015-16,MEM,1.35
Alexey Shved,2014-15,HOU,0.5046153846153847
Alexey Shved,2014-15,NYK,3.563333333333334
Alexey Shved,2014-15,PHI,1.9614285714285713
Alize Johnson,2021-22,CHI,0.7161538461538461
Alize Johnson,2021-22,NOP,1.35
Alize Johnson,2021-22,WAS,0.62375
Allen Crabbe,2019-20,ATL,0.838125
Allen Crabbe,2019-20,MIN,0.8118750000000001
Alonzo Gee,2014-15,DEN,0.6519999999999999
Alonzo Gee,2014-15,POR,0.6724999999999999
Amar'e Stoudemire,2014-15,DAL,1.2040000000000002
Amar'e Stoudemire,2014-15,NYK,1.9068749999999999
Andre Drummond,2019-20,CLE,3.572222222222223
Andre Drummond,2019-20,DET,2.9899999999999998
Andre Drummond,2020-21,CLE,2.5175
Andre Drummond,2020-21,LAL,2.575454545454545
Andre Drummond,2021-22,PHI,1.5553846153846156
Andre Miller,2013-14,DEN,1.9800000000000002
Andre Miller,2013-14,WAS,2.1907692307692312
Andre Miller,2014-15,SAC,3.3091666666666666
Andre Miller,2014-15,WAS,1.9335714285714285
Andre Miller,2015-16,MIN,1.3771428571428572
Andre Miller,2015-16,SAS,1.8659999999999997
Andrew Bogut,2016-17,CLE,1.0
Andrew Bogut,2016-17,DAL,2.428461538461538
Andrew Bynum,2013-14,CLE,1.2441666666666669
Andrew Bynum,2013-14,IND,1.875
Andrew Harrison,2018-19,CLE,2.0166666666666666
Andrew Harrison,2018-19,MEM,2.0
Andrew Harrison,2018-19,NOP,0.8341666666666666
Andrew Nicholson,2016-17,WAS,0.7216666666666668
Andrew Wiggins,2019-20,GSW,2.5833333333333335
Andrew Wiggins,2019-20,MIN,2.4147058823529415
Anthony Brown,2016-17,NOP,1.323
Anthony Brown,2016-17,ORL,1.6
Anthony Morrow,2016-17,CHI,0.377
Anthony Morrow,2016-17,OKC,0.5961538461538461
Anthony Tolliver,2014-15,DET,1.6635294117647057
Anthony Tolliver,2019-20,MEM,1.2761538461538464
Anthony Tolliver,2019-20,POR,1.2000000000000002
Anthony Tolliver,2019-20,SAC,0.8210000000000001
Antonius Cleveland,2017-18,ATL,0.53125
Antonius Cleveland,2017-18,DAL,0.4699999999999999
Archie Goodwin,2016-17,NOP,1.1428571428571428
Arinze Onuaku,2013-14,CLE,1.5
Arinze Onuaku,2013-14,NOP,1.61
Armoni Brooks,2021-22,HOU,1.1
Armoni Brooks,2021-22,TOR,1.09
Arron Afflalo,2014-15,DEN,1.556666666666667
Arron Afflalo,2014-15,POR,1.7138461538461542
Austin Daye,2013-14,SAS,0.8666666666666667
Austin Daye,2013-14,TOR,0.5492307692307692
Austin Daye,2014-15,ATL,1.0444444444444445
Austin Daye,2014-15,SAS,1.0307142857142855
Austin Rivers,2014-15,LAC,1.45
Austin Rivers,2014-15,NOP,1.858666666666667
Austin Rivers,2018-19,HOU,1.286315789473684
Austin Rivers,2018-19,WAS,1.5979999999999999
Austin Rivers,2020-21,DEN,2.19
Austin Rivers,2020-21,NYK,1.7215384615384612
Avery Bradley,2017-18,DET,1.6935714285714287
Avery Bradley,2017-18,LAC,1.6490000000000002
Avery Bradley,2018-19,LAC,1.3735714285714287
Avery Bradley,2018-19,MEM,2.8874999999999997
Avery Bradley,2020-21,HOU,1.6564285714285714
Avery Bradley,2020-21,MIA,1.3769230769230774
Axel Toupane,2016-17,MIL,1.5
Axel Toupane,2016-17,NOP,2.5
Ben McLemore,2020-21,HOU,0.7028571428571427
Ben McLemore,2020-21,LAL,0.9466666666666668
Beno Udrih,2013-14,MEM,0.7
Beno Udrih,2013-14,NYK,2.5353333333333334
Beno Udrih,2015-16,MEM,2.721666666666667
Beno Udrih,2015-16,MIA,2.200666666666667
Bismack Biyombo,2023-24,MEM,1.98
Bismack Biyombo,2023-24,OKC,0.5999999999999999
Blake Griffin,2017-18,DET,5.021538461538461
Blake Griffin,2017-18,LAC,4.091428571428572
Blake Griffin,2020-21,DET,2.753125
Bobby Portis,2018-19,CHI,2.305333333333333
Bobby Portis,2018-19,WAS,2.7808333333333333
Bones Hyland,2022-23,DEN,2.525384615384615
Bones Hyland,2022-23,LAC,1.9040000000000001
Brad Wanamaker,2020-21,GSW,2.0214285714285714
Brad Wanamaker,2021-22,IND,1.7071428571428573
Brad Wanamaker,2021-22,WAS,6.857142857142857
Brandan Wright,2014-15,BOS,0.8545454545454544
Brandan Wright,2014-15,DAL,1.637
Brandan Wright,2017-18,HOU,3.0
Brandan Wright,2017-18,MEM,1.0671428571428572
Brandon Davies,2014-15,PHI,2.273076923076923
Brandon Jennings,2015-16,DET,3.2072727272727275
Brandon Jennings,2015-16,ORL,2.7169230769230768
Brandon Jennings,2016-17,NYK,3.539285714285715
Brandon Jennings,2016-17,WAS,2.1714285714285717
Brandon Knight,2014-15,MIL,3.3112500000000002
Brandon Knight,2018-19,CLE,1.8333333333333335
Brandon Knight,2018-19,HOU,0.9516666666666667
Brandon Knight,2019-20,CLE,1.129333333333333
Brandon Knight,2019-20,DET,2.8799999999999994
Braxton Key,2021-22,DET,1.9999999999999998
Braxton Key,2021-22,PHI,1.1666666666666667
Brian Roberts,2015-16,POR,0.8264285714285716
Briante Weber,2015-16,MEM,4.597499999999999
Briante Weber,2015-16,MIA,1.6666666666666667
Briante Weber,2016-17,GSW,1.232727272727273
Briante Weber,2017-18,HOU,1.2315384615384615
Briante Weber,2017-18,MEM,2.9285714285714284
Brice Johnson,2017-18,LAC,0.7237499999999999
Brice Johnson,2017-18,MEM,0.8575
Brodric Thomas,2020-21,CLE,0.7616666666666667
Brodric Thomas,2020-21,HOU,0.84375
Bruce Brown,2023-24,IND,2.3628571428571425
Bruce Brown,2023-24,TOR,1.42
Bruno Caboclo,2017-18,SAC,1.0716666666666665
Bruno Caboclo,2017-18,TOR,0.875
Bruno Caboclo,2019-20,HOU,0.7899999999999999
Bruno Caboclo,2019-20,MEM,0.86
Bruno Fernando,2021-22,BOS,0.2792307692307692
Bruno Fernando,2021-22,HOU,1.2899999999999998
Bruno Fernando,2022-23,ATL,0.571
Bruno Fernando,2022-23,HOU,1.3866666666666667
Bryce Cotton,2015-16,MEM,0.33
Bryn Forbes,2021-22,DEN,1.2123076923076923
Bryn Forbes,2021-22,SAS,0.7581249999999999
Buddy Hield,2016-17,NOP,1.1070588235294119
Buddy Hield,2016-17,SAC,2.186666666666667
Buddy Hield,2021-22,IND,3.3286666666666664
Buddy Hield,2021-22,SAC,1.7947058823529414
Buddy Hield,2023-24,IND,2.5246666666666666
Buddy Hield,2023-24,PHI,2.266875
Byron Mullens,2013-14,LAC,0.5092857142857145
Byron Mullens,2013-14,PHI,1.3
CJ McCollum,2021-22,NOP,3.395714285714285
CJ McCollum,2021-22,POR,2.567333333333333
Caleb Swanigan,2018-19,POR,0.9336363636363639
Caleb Swanigan,2018-19,SAC,1.71
Caleb Swanigan,2019-20,POR,1.4380000000000002
Caleb Swanigan,2019-20,SAC,0.49875
Cam Reddish,2021-22,ATL,0.7394736842105264
Cam Reddish,2021-22,NYK,0.5738461538461539
Cam Reddish,2022-23,NYK,1.1
Cam Reddish,2022-23,POR,1.9076923076923078
Cameron Payne,2016-17,CHI,1.2264285714285712
Cameron Payne,2016-17,OKC,1.7249999999999999
Cameron Payne,2018-19,CHI,2.3330769230769235
Cameron Payne,2018-19,CLE,1.6849999999999998
Cameron Payne,2023-24,MIL,1.5275
Cameron Payne,2023-24,PHI,2.1106249999999998
Caris LeVert,2020-21,IND,2.8614285714285717
Caris LeVert,2021-22,CLE,2.709285714285714
Caris LeVert,2021-22,IND,2.5294444444444446
Carlik Jones,2021-22,DAL,1.0425
Carlik Jones,2021-22,DEN,1.0
Caron Butler,2013-14,MIL,2.4738461538461536
Caron Butler,2013-14,OKC,1.6099999999999997
Cartier Martin,2013-14,ATL,0.9373333333333332
Cartier Martin,2013-14,CHI,0.6875
Chandler Hutchison,2020-21,CHI,0.9836363636363636
Chandler Hutchison,2020-21,WAS,0.7749999999999999
Channing Frye,2015-16,CLE,1.770714285714286
Channing Frye,2015-16,ORL,1.9225
Channing Frye,2017-18,CLE,1.1473333333333333
Channing Frye,2017-18,LAL,1.325
Charlie Brown Jr.,2021-22,DAL,0.7766666666666667
Charlie Brown Jr.,2021-22,PHI,0.48785714285714293
Chase Budinger,2015-16,IND,1.0253846153846156
Chasson Randle,2016-17,NYK,1.8215384615384616
Chasson Randle,2016-17,PHI,1.2225
Chaundee Brown Jr.,2021-22,ATL,2.1670000000000003
Chaundee Brown Jr.,2021-22,LAL,0.9285714285714286
Chimezie Metu,2023-24,DET,2.1791666666666667
Chris Andersen,2015-16,MEM,1.317857142857143
Chris Andersen,2015-16,MIA,0.4999999999999999
Chris Chiozza,2019-20,WAS,1.9692307692307693
Chris McCullough,2016-17,WAS,1.75
Chris Silva,2020-21,MIA,1.2325
Chris Silva,2020-21,SAC,0.42857142857142855
Chris Silva,2021-22,MIA,1.2200000000000002
Chris Silva,2021-22,MIN,1.75
Christian Wood,2018-19,MIL,0.374375
Christian Wood,2018-19,NOP,2.219090909090909
Chuck Hayes,2013-14,SAC,1.0608333333333335
Chuck Hayes,2013-14,TOR,1.1264285714285713
Corey Brewer,2014-15,HOU,1.2070588235294117
Corey Brewer,2014-15,MIN,2.0371428571428574
Corey Brewer,2016-17,HOU,0.8092307692307692
Corey Brewer,2016-17,LAL,1.0085714285714287
Corey Brewer,2017-18,LAL,0.5272222222222223
Corey Brewer,2017-18,OKC,1.4944444444444445
Corey Brewer,2018-19,PHI,1.3208333333333333
Corey Brewer,2018-19,SAC,0.7735714285714287
Cory Joseph,2020-21,DET,3.2600000000000002
Cory Joseph,2020-21,SAC,1.6175000000000002
Courtney Lee,2013-14,BOS,1.2716666666666667
Courtney Lee,2013-14,MEM,2.102857142857143
Courtney Lee,2015-16,MEM,1.8079999999999998
Courtney Lee,2018-19,DAL,0.6407692307692308
Courtney Lee,2018-19,NYK,0.8384615384615385
D'Angelo Russell,2019-20,GSW,3.9207142857142854
D'Angelo Russell,2019-20,MIN,5.034166666666667
D'Angelo Russell,2022-23,LAL,4.289090909090909
D'Angelo Russell,2022-23,MIN,4.259333333333333
D.J. Augustin,2013-14,CHI,4.285
D.J. Augustin,2013-14,TOR,0.9984615384615385
D.J. Augustin,2014-15,DET,3.2142857142857144
D.J. Augustin,2014-15,OKC,2.3907142857142856
D.J. Augustin,2015-16,DEN,2.7423076923076923
D.J. Augustin,2015-16,OKC,1.9484615384615387
D.J. Augustin,2020-21,HOU,1.7657894736842108
D.J. Augustin,2020-21,MIL,2.1108333333333333
D.J. Augustin,2021-22,HOU,1.9407142857142858
D.J. Augustin,2021-22,LAL,1.280625
D.J. Wilson,2020-21,HOU,1.031875
D.J. Wilson,2020-21,MIL,0.7085714285714285
DaQuan Jeffries,2020-21,HOU,1.1961538461538463
DaQuan Jeffries,2020-21,SAC,0.5562499999999999
Dalano Banton,2023-24,BOS,0.615625
Dalano Banton,2023-24,POR,2.888
Damian Jones,2020-21,LAL,1.3312499999999998
Damian Jones,2020-21,SAC,1.3235714285714286
Damian Jones,2022-23,LAL,0.5800000000000001
Damian Jones,2022-23,UTA,0.8164285714285715
Daniel Gafford,2020-21,CHI,1.033076923076923
Daniel Gafford,2020-21,WAS,1.4646153846153847
Daniel Gafford,2023-24,DAL,2.069090909090909
Daniel Gafford,2023-24,WAS,2.6616666666666666
Daniel Theis,2020-21,BOS,2.0542857142857147
Daniel Theis,2020-21,CHI,1.6746666666666665
Daniel Theis,2021-22,BOS,1.4925000000000004
Daniel Theis,2021-22,HOU,1.667857142857143
Daniel Theis,2023-24,IND,2.5
Daniel Theis,2023-24,LAC,1.4275
Danilo Gallinari,2023-24,DET,1.4245454545454546
Danilo Gallinari,2023-24,MIL,0.7133333333333332
Danilo Gallinari,2023-24,WAS,1.4538461538461536
Danny Granger,2013-14,IND,1.6836363636363638
Danny Granger,2013-14,LAC,1.0558333333333334
Danny Green,2022-23,CLE,0.9042857142857142
Danny Green,2022-23,MEM,1.5933333333333333
Dante Cunningham,2017-18,NOP,1.372142857142857
Dante Exum,2019-20,CLE,1.07125
Dante Exum,2019-20,UTA,0.49
Danuel House Jr.,2021-22,HOU,1.018
Danuel House Jr.,2021-22,NYK,1.0
Danuel House Jr.,2021-22,UTA,1.0225000000000002
Darius Bazley,2022-23,OKC,1.2421428571428572
Darius Bazley,2023-24,PHI,0.798
Darius Bazley,2023-24,UTA,2.0261538461538464
Darius Morris,2013-14,LAC,0.9291666666666666
Darius Morris,2013-14,MEM,2.511111111111111
Darius Morris,2013-14,PHI,2.6079999999999997
David Lee,2015-16,BOS,1.927857142857143
David Lee,2015-16,DAL,1.7900000000000003
David Roddy,2023-24,MEM,1.11
Davon Reed,2022-23,DEN,0.8693333333333334
Davon Reed,2022-23,LAL,0.6075
DeAndre Jordan,2018-19,DAL,3.4690909090909092
DeAndre Jordan,2018-19,NYK,2.839230769230769
DeAndre Jordan,2021-22,LAL,0.9185714285714285
DeAndre Jordan,2021-22,PHI,1.2366666666666666
DeAndre Liggins,2016-17,CLE,0.88125
DeAndre Liggins,2016-17,DAL,3.857142857142857
DeAndre Liggins,2017-18,MIL,0.6705882352941176
DeAndre Liggins,2017-18,NOP,0.51
DeAndre' Bembry,2021-22,MIL,0.5836363636363635
DeMarcus Cousins,2016-17,NOP,3.476153846153846
DeMarcus Cousins,2016-17,SAC,3.8592307692307695
DeMarcus Cousins,2020-21,HOU,2.2114285714285713
DeMarcus Cousins,2020-21,LAC,1.28
DeMarcus Cousins,2021-22,DEN,1.7830769230769232
DeMarcus Cousins,2021-22,MIL,1.3107142857142855
DeMarre Carroll,2019-20,HOU,1.2325
DeMarre Carroll,2019-20,SAS,0.8153846153846154
Delon Wright,2018-19,MEM,3.425
Delon Wright,2018-19,TOR,1.7349999999999999
Delon Wright,2020-21,DET,3.0623529411764707
Delon Wright,2020-21,SAC,2.538666666666666
Delon Wright,2023-24,MIA,1.370625
Delon Wright,2023-24,WAS,1.2722222222222221
Demetrius Jackson,2017-18,HOU,0.7446153846153846
Demetrius Jackson,2017-18,PHI,1.3325
Dennis Smith Jr.,2018-19,DAL,4.125384615384615
Dennis Smith Jr.,2018-19,NYK,3.6364285714285707
Dennis Smith Jr.,2020-21,DET,2.0676470588235287
Dennis Smith Jr.,2020-21,NYK,1.39
Denzel Valentine,2021-22,CLE,0.6277777777777778
Denzel Valentine,2021-22,UTA,1.6
Deron Williams,2016-17,CLE,2.4750000000000005
Deron Williams,2016-17,DAL,3.6376470588235295
Derrick Jones Jr.,2017-18,MIA,0.6900000000000001
Derrick Rose,2017-18,CLE,2.0124999999999997
Derrick Rose,2017-18,MIN,0.9122222222222222
Derrick Rose,2020-21,DET,2.8607692307692307
Derrick Rose,2020-21,NYK,3.2392307692307694
Derrick Walton,2019-20,DET,1.70875
Derrick Walton,2019-20,LAC,0.8986666666666667
Derrick White,2021-22,BOS,3.055454545454545
Derrick White,2021-22,SAS,2.749285714285715
Derrick Williams,2013-14,MIN,1.013076923076923
Derrick Williams,2013-14,SAC,1.076
Derrick Williams,2016-17,CLE,0.9653333333333334
Derrick Williams,2016-17,MIA,1.568571428571429
Devin Harris,2017-18,DAL,1.6015384615384616
Devin Harris,2017-18,DEN,2.356923076923077
Devonte' Graham,2022-23,NOP,1.6207142857142858
Devonte' Graham,2022-23,SAS,2.1205882352941177
Dewayne Dedmon,2013-14,GSW,1.5
Dewayne Dedmon,2013-14,ORL,1.5018181818181817
Dewayne Dedmon,2013-14,PHI,1.6529999999999998
Dewayne Dedmon,2019-20,ATL,2.844444444444444
Dewayne Dedmon,2019-20,SAC,1.1921428571428572
Dewayne Dedmon,2022-23,MIA,1.1808333333333334
Dewayne Dedmon,2022-23,PHI,0.9816666666666668
Didi Louzada,2021-22,NOP,1.125
Didi Louzada,2021-22,POR,1.471
Dion Waiters,2014-15,CLE,1.4839999999999998
Dion Waiters,2014-15,OKC,1.0822222222222222
Dion Waiters,2019-20,LAL,1.7657142857142856
Dion Waiters,2019-20,MIA,1.375
Domantas Sabonis,2021-22,IND,3.755625
Domantas Sabonis,2021-22,SAC,5.623636363636363
Donta Hall,2019-20,DET,1.45
Donte DiVincenzo,2021-22,MIL,1.3005882352941178
Donte DiVincenzo,2021-22,SAC,2.64
Dorian Finney-Smith,2022-23,DAL,1.806470588235294
Doug McDermott,2016-17,CHI,1.3330769230769233
Doug McDermott,2016-17,OKC,0.9538461538461539
Doug McDermott,2017-18,DAL,1.0005882352941178
Doug McDermott,2017-18,NYK,1.2999999999999998
Doug McDermott,2023-24,IND,0.8113333333333334
Doug McDermott,2023-24,SAS,0.872142857142857
Dragan Bender,2019-20,GSW,3.0275
Dragan Bender,2019-20,MIL,1.429285714285714
Drew Eubanks,2021-22,POR,2.5946153846153845
Drew Eubanks,2021-22,SAS,1.0288235294117647
Dru Smith,2022-23,MIA,1.416666666666667
Dwight Powell,2014-15,BOS,1.11
Dwight Powell,2014-15,DAL,0.8250000000000001
Dwyane Wade,2017-18,CLE,2.352857142857143
Dwyane Wade,2017-18,MIA,2.87
Earl Clark,2013-14,CLE,1.1330769230769233
Earl Clark,2013-14,NYK,0.7655555555555557
Edy Tavares,2016-17,ATL,1.5
Edy Tavares,2016-17,CLE,3.2857142857142856
Elfrid Payton,2017-18,ORL,2.975625
Elijah Hughes,2021-22,POR,1.012857142857143
Elijah Hughes,2021-22,UTA,0.68
Elliot Williams,2014-15,NOP,0.9987499999999999
Elliot Williams,2014-15,UTA,1.2
Emanuel Terry,2018-19,MIA,1.5
Emmanuel Mudiay,2017-18,DEN,1.9626666666666668
Emmanuel Mudiay,2017-18,NYK,3.3250000000000006
Enes Freedom,2014-15,OKC,2.991538461538462
Enes Freedom,2014-15,UTA,2.55125
Enes Freedom,2018-19,NYK,2.1399999999999997
Enes Freedom,2018-19,POR,2.553
Eric Bledsoe,2017-18,MIL,2.7068421052631577
Eric Gordon,2022-23,HOU,1.9464285714285714
Eric Gordon,2022-23,LAC,1.9633333333333332
Eric Maynor,2013-14,PHI,2.367272727272727
Eric Maynor,2013-14,WAS,1.4964285714285717
Eric Moreland,2018-19,TOR,1.35
Erick Green,2015-16,DEN,0.8300000000000001
Erick Green,2015-16,UTA,1.068
Ersan İlyasova,2015-16,DET,2.7323076923076925
Ersan İlyasova,2015-16,ORL,1.5007692307692309
Ersan İlyasova,2016-17,ATL,2.047142857142857
Ersan İlyasova,2016-17,OKC,3.83125
Ersan İlyasova,2016-17,PHI,2.9057142857142857
Ersan İlyasova,2017-18,ATL,2.2526666666666673
Ersan İlyasova,2017-18,PHI,2.5085714285714285
Eugene Omoruyi,2022-23,DET,1.6845454545454546
Eugene Omoruyi,2022-23,OKC,0.5733333333333334
Evan Fournier,2020-21,BOS,1.676875
Evan Fournier,2020-21,ORL,1.7913333333333332
Evan Fournier,2023-24,DET,0.9640000000000001
Evan Fournier,2023-24,NYK,0.97
Evan Turner,2013-14,IND,1.7738461538461539
Evan Turner,2013-14,PHI,2.7942857142857145
Frank Kaminsky,2022-23,ATL,0.853076923076923
Frank Kaminsky,2022-23,HOU,1.0818181818181818
Garrett Temple,2018-19,LAC,1.2115384615384615
Garrett Temple,2018-19,MEM,2.1880000000000006
Garrison Mathews,2022-23,ATL,0.5866666666666666
Garrison Mathews,2022-23,HOU,0.7114285714285715
Gary Clark,2019-20,HOU,0.9345454545454547
Gary Clark,2019-20,ORL,1.3071428571428572
Gary Clark,2020-21,DEN,1.0
Gary Clark,2020-21,ORL,1.2799999999999998
Gary Clark,2020-21,PHI,1.125
Gary Harris,2020-21,DEN,1.7077777777777778
Gary Harris,2020-21,ORL,1.3
Gary Neal,2013-14,CHA,2.3336363636363635
Gary Neal,2013-14,MIL,1.5784615384615381
Gary Neal,2014-15,MIN,1.76
Gary Payton II,2017-18,LAL,0.9466666666666669
Gary Payton II,2017-18,MIL,0.7123076923076923
Gary Payton II,2022-23,GSW,1.5241666666666667
Gary Payton II,2022-23,POR,1.9140000000000001
Gary Trent Jr.,2020-21,POR,1.3676923076923078
Gary Trent Jr.,2020-21,TOR,1.2906666666666666
George Hill,2017-18,CLE,2.6699999999999995
George Hill,2017-18,SAC,3.030666666666667
George Hill,2018-19,CLE,2.8942857142857146
George Hill,2018-19,MIL,1.3788888888888888
George Hill,2020-21,OKC,2.972727272727273
George Hill,2020-21,PHI,2.093076923076923
George Hill,2022-23,IND,1.5884615384615384
George Hill,2022-23,MIL,1.6925
Georgios Kalaitzakis,2021-22,MIL,0.277
Georgios Kalaitzakis,2021-22,OKC,4.96875
Georgios Papagiannis,2017-18,POR,1.0
Georgios Papagiannis,2017-18,SAC,0.8715384615384617
Gigi Datome,2014-15,BOS,0.6876923076923076
Gigi Datome,2014-15,DET,1.2766666666666666
Glen Davis,2013-14,LAC,0.8823076923076922
Glen Davis,2013-14,ORL,2.7641666666666667
Glenn Robinson III,2014-15,MIN,0.20533333333333337
Glenn Robinson III,2014-15,PHI,1.0166666666666664
Glenn Robinson III,2019-20,GSW,2.255714285714286
Glenn Robinson III,2019-20,PHI,1.0276923076923077
Goga Bitadze,2022-23,IND,0.7992857142857142
Goga Bitadze,2022-23,ORL,1.1935714285714283
Gordon Hayward,2023-24,OKC,1.0775
Gorgui Dieng,2019-20,MEM,1.8192857142857144
Gorgui Dieng,2019-20,MIN,1.759375
Gorgui Dieng,2020-21,MEM,1.4257142857142857
Gorgui Dieng,2020-21,SAS,1.4324999999999999
Grant Jerrett,2014-15,OKC,1.65
Grant Jerrett,2014-15,UTA,1.48
Grant Williams,2023-24,DAL,1.2672222222222222
Greg Monroe,2017-18,BOS,1.7170588235294117
Greg Monroe,2017-18,MIL,1.55
Greg Monroe,2018-19,BOS,0.8333333333333334
Greg Monroe,2018-19,PHI,2.7
Greg Monroe,2018-19,TOR,0.9938461538461538
Greg Monroe,2021-22,MIL,0.8727272727272727
Greg Monroe,2021-22,MIN,2.85
Greg Monroe,2021-22,UTA,0.6666666666666666
Greg Monroe,2021-22,WAS,1.125
Hamidou Diallo,2020-21,DET,1.5133333333333339
Hamidou Diallo,2020-21,OKC,2.237692307692307
Harrison Barnes,2018-19,DAL,2.6535714285714285
Harrison Barnes,2018-19,SAC,2.5181818181818185
Henry Ellenson,2018-19,DET,1.9444444444444444
Henry Ellenson,2018-19,NYK,1.4242857142857144
Henry Sims,2013-14,CLE,0.5014285714285714
Henry Sims,2013-14,PHI,2.356153846153846
Hollis Thompson,2016-17,NOP,1.4445454545454544
Hollis Thompson,2016-17,PHI,0.8578571428571429
Ian Clark,2014-15,DEN,0.6666666666666666
Ian Clark,2014-15,UTA,0.6191666666666666
Ignas Brazdeikis,2020-21,NYK,0.5
Ignas Brazdeikis,2020-21,ORL,3.3020000000000005
Ignas Brazdeikis,2020-21,PHI,2.5
Iman Shumpert,2014-15,CLE,1.352857142857143
Iman Shumpert,2014-15,NYK,3.3346153846153848
Iman Shumpert,2018-19,HOU,1.103846153846154
Iman Shumpert,2018-19,SAC,1.699285714285714
Immanuel Quickley,2023-24,NYK,2.1808333333333336
Immanuel Quickley,2023-24,TOR,2.5828571428571427
Isaiah Canaan,2014-15,HOU,1.4288235294117646
Isaiah Canaan,2014-15,PHI,3.8523076923076927
Isaiah Canaan,2017-18,HOU,4.0
Isaiah Canaan,2018-19,MIL,1.15
Isaiah Canaan,2018-19,MIN,1.9774999999999998
Isaiah Hartenstein,2020-21,CLE,2.358333333333333
Isaiah Hartenstein,2020-21,DEN,0.7746153846153848
Isaiah Thomas,2014-15,BOS,3.3042857142857143
Isaiah Thomas,2017-18,CLE,4.12
Isaiah Thomas,2017-18,LAL,2.3633333333333337
Isaiah Thomas,2021-22,DAL,2.5714285714285716
Isaiah Thomas,2021-22,LAL,2.1041666666666665
Ish Smith,2014-15,OKC,0.6333333333333333
Ish Smith,2014-15,PHI,3.6799999999999997
Ish Smith,2015-16,NOP,3.0218749999999996
Ish Smith,2015-16,PHI,4.784
Ish Smith,2021-22,WAS,2.916
Ivica Zubac,2018-19,LAC,2.867692307692308
Ivica Zubac,2018-19,LAL,1.1842857142857142
JJ Redick,2020-21,DAL,0.7691666666666667
JJ Redick,2020-21,NOP,1.2066666666666668
JaKarr Sampson,2015-16,DEN,1.1460000000000001
JaKarr Sampson,2015-16,PHI,0.778
JaMychal Green,2014-15,MEM,0.6083333333333335
JaMychal Green,2014-15,SAS,0.9
JaMychal Green,2018-19,LAC,1.883846153846154
JaMychal Green,2018-19,MEM,1.9312500000000001
JaVale McGee,2014-15,DEN,0.7100000000000001
JaVale McGee,2014-15,PHI,0.8045454545454546
JaVale McGee,2020-21,CLE,1.3726666666666667
JaVale McGee,2020-21,DEN,1.014375
Jabari Parker,2018-19,CHI,3.4492857142857143
Jabari Parker,2018-19,WAS,2.793333333333333
Jabari Parker,2019-20,ATL,2.6185714285714283
Jabari Parker,2019-20,SAC,1.4607692307692306
Jabari Parker,2020-21,BOS,1.1142857142857143
Jabari Parker,2020-21,SAC,1.66625
Jacob Evans,2019-20,GSW,1.7457142857142853
Jacob Evans,2019-20,MIN,0.5
Jaden Springer,2023-24,BOS,0.4230769230769231
Jaden Springer,2023-24,PHI,0.5562499999999999
Jae Crowder,2014-15,BOS,1.4210526315789476
Jae Crowder,2014-15,DAL,1.1091666666666666
Jae Crowder,2017-18,CLE,2.0900000000000003
Jae Crowder,2017-18,UTA,2.6500000000000004
Jae Crowder,2019-20,MEM,2.9123076923076923
Jae Crowder,2019-20,MIA,2.49
Jahlil Okafor,2017-18,PHI,2.4444444444444446
Jakob Poeltl,2022-23,SAS,2.7819999999999996
Jakob Poeltl,2022-23,TOR,3.115833333333333
Jalen Jones,2017-18,DAL,0.9284615384615383
Jalen Jones,2017-18,NOP,0.59375
Jalen McDaniels,2022-23,PHI,0.855625
Jalen Smith,2021-22,IND,2.05
Jamaree Bouyea,2022-23,MIA,2.5833333333333335
Jamaree Bouyea,2022-23,WAS,1.0
Jameer Nelson,2014-15,BOS,3.4
Jameer Nelson,2014-15,DAL,4.576363636363637
Jameer Nelson,2014-15,DEN,2.0080000000000005
Jameer Nelson,2017-18,DET,3.029
Jameer Nelson,2017-18,NOP,2.8713333333333333
James Ennis III,2015-16,MEM,0.34272727272727277
James Ennis III,2015-16,MIA,0.44333333333333336
James Ennis III,2015-16,NOP,2.58375
James Ennis III,2017-18,DET,0.7646153846153846
James Ennis III,2017-18,MEM,1.054375
James Ennis III,2018-19,HOU,0.8753333333333334
James Ennis III,2018-19,PHI,0.8708333333333335
James Ennis III,2019-20,ORL,1.376923076923077
James Ennis III,2019-20,PHI,0.74
James Ennis III,2021-22,DEN,0.915
James Ennis III,2021-22,LAC,1.5
James Harden,2020-21,HOU,5.251818181818182
James Harden,2021-22,PHI,5.413333333333333
James Johnson,2019-20,MIA,1.335
James Johnson,2019-20,MIN,2.905
James Johnson,2020-21,DAL,1.1650000000000003
James Johnson,2020-21,NOP,1.528
James Nunnally,2013-14,ATL,1.3311111111111111
James Nunnally,2013-14,PHI,0.7141666666666667
James Nunnally,2018-19,HOU,1.1666666666666667
James Nunnally,2018-19,MIN,0.32142857142857145
James Southerland,2013-14,CHA,1.0
James Southerland,2013-14,NOP,1.3333333333333333
James Wiseman,2022-23,DET,1.965
James Wiseman,2022-23,GSW,1.287692307692308
Jared Cunningham,2013-14,ATL,0.4
Jared Cunningham,2013-14,SAC,0.7944444444444444
Jared Cunningham,2015-16,CLE,0.7385714285714285
Jared Cunningham,2015-16,MIL,1.3214285714285714
Jarell Eddie,2017-18,BOS,0.6
Jarnell Stokes,2015-16,MEM,0.8333333333333334
Jarnell Stokes,2015-16,MIA,0.43333333333333335
Jarred Vanderbilt,2019-20,DEN,0.6828571428571427
Jarred Vanderbilt,2019-20,MIN,1.3333333333333333
Jarred Vanderbilt,2022-23,LAL,1.8145454545454542
Jarred Vanderbilt,2022-23,UTA,1.9153846153846152
Jarrett Allen,2020-21,CLE,2.0777777777777775
Jarrod Uthoff,2019-20,MEM,1.25
Jarrod Uthoff,2019-20,WAS,2.0485714285714285
Jarvis Varnado,2013-14,PHI,1.2230769230769232
Jason Smith,2018-19,MIL,1.034
Jason Smith,2018-19,NOP,2.5
Jason Smith,2018-19,WAS,1.751
Jason Thompson,2015-16,GSW,0.7992857142857144
Jason Thompson,2015-16,TOR,1.4842857142857144
Javonte Green,2020-21,BOS,0.9440000000000001
Javonte Green,2020-21,CHI,0.4000000000000001
Javonte Smart,2021-22,MIA,1.1666666666666667
Javonte Smart,2021-22,MIL,0.831875
Jeff Adrien,2013-14,CHA,0.5563636363636363
Jeff Adrien,2013-14,MIL,2.598333333333333
Jeff Dowtin,2021-22,GSW,1.0625
Jeff Dowtin,2021-22,MIL,2.0
Jeff Dowtin,2021-22,ORL,2.4318181818181817
Jeff Green,2014-15,BOS,2.2028571428571424
Jeff Green,2014-15,MEM,2.374615384615385
Jeff Green,2015-16,LAC,1.7057142857142857
Jeff Green,2015-16,MEM,2.0633333333333335
Jeff Green,2019-20,HOU,1.6707692307692308
Jeff Green,2019-20,UTA,1.3127272727272727
Jeff Teague,2019-20,ATL,1.9519999999999997
Jeff Teague,2019-20,MIN,3.308
Jeff Teague,2020-21,BOS,1.7566666666666664
Jeff Teague,2020-21,MIL,1.2723529411764705
Jerami Grant,2016-17,OKC,1.0176470588235293
Jerami Grant,2016-17,PHI,3.0555555555555554
Jeremy Lamb,2021-22,IND,1.1944444444444444
Jeremy Lamb,2021-22,SAC,1.7430769230769234
Jeremy Lin,2018-19,ATL,2.0088235294117647
Jeremy Lin,2018-19,TOR,1.5906666666666665
Jerome Robinson,2019-20,LAC,0.8913333333333332
Jerome Robinson,2019-20,WAS,1.3875
Jerryd Bayless,2013-14,BOS,2.0100000000000002
Jerryd Bayless,2013-14,MEM,2.2338461538461534
Jevon Carter,2021-22,MIL,1.321875
Jimmer Fredette,2013-14,CHI,1.1324999999999996
Jimmer Fredette,2013-14,SAC,0.8938888888888888
Jimmer Fredette,2015-16,NOP,0.5
Jimmer Fredette,2015-16,NYK,1.0
Jimmy Butler,2018-19,MIN,3.4000000000000004
Jimmy Butler,2018-19,PHI,1.8038888888888889
Joe Johnson,2015-16,MIA,2.9345454545454546
Joe Johnson,2017-18,HOU,1.185625
Joe Johnson,2017-18,UTA,2.5399999999999996
Joel Anthony,2013-14,BOS,0.5972727272727273
Joel Anthony,2013-14,MIA,0.34285714285714286
Joffrey Lauvergne,2016-17,CHI,0.9928571428571428
Joffrey Lauvergne,2016-17,OKC,1.3461538461538463
John Henson,2019-20,CLE,1.3825
John Henson,2019-20,DET,1.6508333333333336
John Jenkins,2015-16,DAL,0.6235714285714284
John Jenkins,2018-19,NYK,0.6712499999999999
John Jenkins,2018-19,WAS,0.40625
John Salmons,2013-14,SAC,1.6969230769230772
John Salmons,2013-14,TOR,1.3206666666666669
Johnny O'Bryant,2016-17,DEN,0.5188888888888888
Jonah Bolden,2019-20,PHI,0.75
Jonas Jerebko,2014-15,BOS,1.6999999999999997
Jonas Jerebko,2014-15,DET,1.5242857142857145
Jonathon Simmons,2018-19,ORL,1.4708333333333332
Jonathon Simmons,2018-19,PHI,0.83375
Jordan Bell,2019-20,MEM,1.8571428571428572
Jordan Bell,2019-20,MIN,0.895
Jordan Bell,2020-21,GSW,4.333333333333333
Jordan Bell,2020-21,WAS,2.1799999999999997
Jordan Clarkson,2017-18,CLE,1.4564285714285714
Jordan Clarkson,2017-18,LAL,1.6670588235294117
Jordan Clarkson,2019-20,CLE,2.085384615384615
Jordan Clarkson,2019-20,UTA,1.3615384615384616
Jordan Crawford,2013-14,BOS,4.386923076923077
Jordan Crawford,2013-14,GSW,0.8886666666666668
Jordan Hamilton,2013-14,DEN,1.1161538461538463
Jordan Hamilton,2013-14,HOU,1.1442857142857144
Jordan McRae,2015-16,CLE,0.9199999999999999
Jordan McRae,2019-20,DEN,0.725
Jordan McRae,2019-20,DET,2.388888888888889
Jordan McRae,2019-20,WAS,1.4994117647058824
Jordan Nwora,2022-23,IND,1.4346666666666665
Jordan Nwora,2022-23,MIL,0.921875
Jordan Nwora,2023-24,IND,0.616
Jordan Nwora,2023-24,TOR,0.8709523809523809
Josh Hart,2021-22,NOP,2.7060000000000004
Josh Hart,2021-22,POR,2.8938461538461544
Josh Hart,2022-23,NYK,2.9709090909090907
Josh Hart,2022-23,POR,2.670769230769231
Josh Jackson,2021-22,DET,1.2111764705882353
Josh Jackson,2021-22,SAC,0.826
Josh Richardson,2021-22,BOS,1.799375
Josh Richardson,2021-22,SAS,2.154285714285714
Josh Richardson,2022-23,NOP,2.003076923076923
Josh Richardson,2022-23,SAS,1.928235294117647
Josh Smith,2014-15,DET,3.768333333333333
Josh Smith,2014-15,HOU,1.745625
Josh Smith,2015-16,HOU,1.871538461538462
Josh Smith,2015-16,LAC,1.5723076923076924
Juan Toscano-Anderson,2022-23,LAL,0.82125
Juan Toscano-Anderson,2022-23,UTA,1.1441176470588235
Julian Champagnie,2022-23,PHI,0.6666666666666666
Julian Champagnie,2022-23,SAS,1.1640000000000001
Justin Anderson,2016-17,DAL,1.0611764705882354
Justin Anderson,2016-17,PHI,1.8376923076923077
Justin Anderson,2021-22,CLE,1.694166666666667
Justin Anderson,2021-22,IND,1.5714285714285714
Justin Champagnie,2022-23,BOS,2.2
Justin Champagnie,2022-23,TOR,1.22
Justin Hamilton,2013-14,CHA,1.0
Justin Hamilton,2013-14,MIA,1.1111111111111112
Justin Hamilton,2014-15,MIA,0.9257142857142858
Justin Hamilton,2014-15,MIN,2.2408333333333332
Justin Holiday,2015-16,ATL,0.6257142857142857
Justin Holiday,2015-16,CHI,1.0892307692307692
Justin Holiday,2018-19,CHI,2.0323076923076924
Justin Holiday,2018-19,MEM,0.9778260869565218
Justin Holiday,2021-22,IND,1.3716666666666668
Justin Holiday,2021-22,SAC,1.417142857142857
Justin Holiday,2022-23,ATL,0.9484615384615385
Justin Holiday,2022-23,DAL,0.7506250000000001
Justin Jackson,2018-19,DAL,1.2492307692307691
Justin Jackson,2018-19,SAC,1.2453333333333327
Justin Jackson,2020-21,MIL,3.75
Justin Jackson,2020-21,OKC,1.169375
Justin Robinson,2021-22,DET,2.0
Justin Robinson,2021-22,MIL,1.3783333333333332
Justin Robinson,2021-22,SAC,1.125
Justise Winslow,2021-22,LAC,0.9300000000000002
Justise Winslow,2021-22,POR,1.9933333333333332
Juwan Morgan,2021-22,BOS,1.0
Juwan Morgan,2021-22,TOR,4.333333333333333
KJ Martin,2023-24,LAC,2.125
KJ Martin,2023-24,PHI,0.5163636363636365
Kay Felder,2017-18,CHI,1.3775000000000002
Kay Felder,2017-18,DET,1.0
Keita Bates-Diop,2019-20,DEN,0.81
Keita Bates-Diop,2019-20,MIN,0.88625
Kelan Martin,2021-22,BOS,0.5825
Kelan Martin,2021-22,IND,0.9053333333333334
Kelly Olynyk,2020-21,HOU,3.1399999999999997
Kelly Olynyk,2020-21,MIA,2.535
Kelly Olynyk,2023-24,TOR,2.7675
Kelly Olynyk,2023-24,UTA,2.5461538461538464
Kelly Oubre Jr.,2018-19,WAS,1.494615384615385
Kendrick Nunn,2022-23,LAL,0.6276470588235294
Kendrick Nunn,2022-23,WAS,0.7777777777777779
Kendrick Perkins,2014-15,CLE,1.0691666666666668
Kendrick Perkins,2014-15,OKC,1.5240000000000002
Kenneth Faried,2018-19,HOU,2.215384615384615
Kenneth Lofton Jr.,2023-24,MEM,0.3886666666666667
Kenneth Lofton Jr.,2023-24,PHI,2.0
Kenneth Lofton Jr.,2023-24,UTA,2.55
Kent Bazemore,2013-14,GSW,0.5071428571428572
Kent Bazemore,2013-14,LAL,2.3546153846153848
Kent Bazemore,2019-20,POR,1.7953846153846154
Kent Bazemore,2019-20,SAC,1.3206666666666669
Keon Johnson,2021-22,LAC,0.5693333333333332
Keon Johnson,2021-22,POR,2.126923076923077
Kessler Edwards,2022-23,SAC,0.8920000000000001
Kevin Garnett,2014-15,MIN,5.0
Kevin Knox,2021-22,ATL,0.42230769230769233
Kevin Knox,2021-22,NYK,0.8250000000000001
Kevin Knox,2022-23,DET,0.9357142857142857
Kevin Knox,2022-23,POR,1.2288235294117646
Kevin Love,2022-23,CLE,2.1423076923076922
Kevin Love,2022-23,MIA,2.306923076923077
Kevin Martin,2015-16,MIN,1.0226666666666666
Kevin Martin,2015-16,SAS,1.1185714285714283
Khem Birch,2020-21,ORL,1.0052631578947366
Khem Birch,2020-21,TOR,2.4419999999999997
Kira Lewis Jr.,2023-24,NOP,0.919375
Kira Lewis Jr.,2023-24,TOR,1.5
Kira Lewis Jr.,2023-24,UTA,0.9993333333333333
Kirk Hinrich,2015-16,ATL,0.9308333333333332
Kirk Hinrich,2015-16,CHI,1.6321428571428573
Kris Humphries,2015-16,ATL,1.960909090909091
Kris Humphries,2015-16,WAS,1.8641666666666667
Kyle Korver,2016-17,ATL,2.0875
Kyle Korver,2016-17,CLE,1.0942857142857143
Kyle Korver,2018-19,CLE,0.9257142857142856
Kyle Korver,2018-19,UTA,1.06
Kyle Lowry,2023-24,MIA,2.8375
Kyle Lowry,2023-24,PHI,3.600714285714286
Kyle Singler,2014-15,DET,1.6493333333333333
Kyle Singler,2014-15,OKC,1.05
Kyrie Irving,2022-23,DAL,3.664285714285714
LaMarcus Aldridge,2020-21,SAS,2.4392307692307695
Lamar Stevens,2023-24,BOS,0.405625
Lamar Stevens,2023-24,MEM,1.0768181818181821
Lance Stephenson,2015-16,LAC,0.7766666666666667
Lance Stephenson,2015-16,MEM,1.4465
Lance Stephenson,2016-17,IND,3.4575
Lance Stephenson,2016-17,MIN,1.2577777777777779
Lance Stephenson,2016-17,NOP,3.8510000000000004
Lance Stephenson,2021-22,ATL,1.0957142857142856
Lance Stephenson,2021-22,IND,1.4100000000000001
Lance Thomas,2014-15,NYK,1.7782352941176474
Lance Thomas,2014-15,OKC,1.2083333333333333
Landry Shamet,2018-19,LAC,1.58
Landry Shamet,2018-19,PHI,0.9712500000000001
Langston Galloway,2016-17,NOP,1.0923529411764705
Langston Galloway,2016-17,SAC,2.2150000000000003
Langston Galloway,2021-22,MIL,1.7670000000000001
Larry Drew II,2017-18,NOP,1.349
Larry Drew II,2017-18,PHI,1.1428571428571428
Larry Nance Jr.,2017-18,CLE,2.3499999999999996
Larry Nance Jr.,2017-18,LAL,1.9939999999999998
Larry Nance Jr.,2021-22,NOP,1.4507142857142856
Larry Nance Jr.,2021-22,POR,1.839285714285714
Lavoy Allen,2013-14,IND,0.8527272727272728
Lavoy Allen,2013-14,PHI,2.1464285714285714
Lou Amundson,2013-14,CHI,1.5
Lou Amundson,2013-14,NOP,0.9876923076923075
Lou Amundson,2014-15,CLE,0.6875
Lou Amundson,2014-15,NYK,1.929375
Lou Williams,2016-17,HOU,1.3871428571428572
Lou Williams,2016-17,LAL,2.0799999999999996
Lou Williams,2020-21,ATL,1.6060000000000003
Lou Williams,2020-21,LAC,2.3858333333333337
Luc Mbah a Moute,2013-14,MIN,0.7953333333333334
Luc Mbah a Moute,2013-14,SAC,1.4991666666666663
Luke Babbitt,2017-18,ATL,1.3113333333333332
Luke Babbitt,2017-18,MIA,0.8138461538461539
Luke Kennard,2022-23,LAC,1.2113333333333332
Luke Kennard,2022-23,MEM,1.6092307692307695
Luke Kornet,2020-21,BOS,1.3123076923076922
Luke Kornet,2020-21,CHI,1.1218181818181818
Luke Kornet,2021-22,BOS,0.7619999999999999
Luke Kornet,2021-22,CLE,1.0
Luke Kornet,2021-22,MIL,1.6666666666666667
Luke Ridnour,2013-14,CHA,3.192
Luke Ridnour,2013-14,MIL,2.6246153846153844
Luol Deng,2013-14,CHI,2.7425
Luol Deng,2013-14,CLE,2.5492307692307694
Mac McClung,2021-22,CHI,1.0
Mac McClung,2021-22,LAL,4.285714285714286
Malachi Flynn,2023-24,DET,1.2426315789473683
Malachi Flynn,2023-24,NYK,0.579
Malachi Flynn,2023-24,TOR,1.9928571428571424
Malachi Richardson,2017-18,SAC,0.7514285714285716
Malachi Richardson,2017-18,TOR,2.0
Malcolm Hill,2021-22,ATL,1.2766666666666666
Malcolm Hill,2021-22,CHI,0.6854545454545454
Malcolm Thomas,2013-14,SAS,5.75
Malcolm Thomas,2013-14,UTA,1.001
Malik Beasley,2019-20,DEN,0.8950000000000001
Malik Beasley,2019-20,MIN,2.739090909090909
Malik Beasley,2022-23,LAL,1.491666666666667
Malik Beasley,2022-23,UTA,1.6738461538461538
Malik Fitts,2021-22,BOS,0.4671428571428571
Malik Fitts,2021-22,UTA,1.0816666666666668
Mamadi Diakite,2023-24,NYK,1.0
Mamadi Diakite,2023-24,SAS,1.915
MarShon Brooks,2013-14,BOS,0.6749999999999999
MarShon Brooks,2013-14,GSW,0.6
MarShon Brooks,2013-14,LAL,0.8891666666666667
Marc Gasol,2018-19,MEM,3.8629411764705885
Marc Gasol,2018-19,TOR,3.9227272727272733
Marco Belinelli,2017-18,ATL,1.8660000000000003
Marco Belinelli,2017-18,PHI,1.3773333333333333
Marcus Morris,2019-20,LAC,1.5266666666666666
Marcus Morris,2019-20,NYK,2.05
Marcus Morris,2023-24,CLE,1.1099999999999999
Marcus Morris,2023-24,PHI,0.9921428571428573
Marcus Thornton,2013-14,SAC,0.9164705882352941
Marcus Thornton,2014-15,BOS,0.8753333333333332
Marcus Thornton,2015-16,HOU,1.207142857142857
Marcus Thornton,2015-16,WAS,0.9992307692307694
Mario Chalmers,2015-16,MEM,2.3533333333333335
Mario Chalmers,2015-16,MIA,2.6391666666666667
Markieff Morris,2015-16,WAS,2.2885714285714287
Markieff Morris,2018-19,OKC,1.77
Markieff Morris,2018-19,WAS,1.6653333333333333
Markieff Morris,2019-20,DET,1.4368750000000001
Markieff Morris,2019-20,LAL,0.9835714285714287
Markieff Morris,2022-23,DAL,0.666923076923077
Marquese Chriss,2018-19,CLE,1.8569999999999998
Marquese Chriss,2018-19,HOU,0.6630769230769231
Marquis Teague,2013-14,CHI,2.0741666666666667
Marvin Bagley III,2021-22,DET,1.9842857142857144
Marvin Bagley III,2021-22,SAC,1.7591666666666665
Marvin Bagley III,2023-24,DET,1.526923076923077
Marvin Bagley III,2023-24,WAS,1.7864285714285715
Marvin Williams,2019-20,MIL,1.4285714285714284
Mason Jones,2020-21,HOU,1.3711111111111112
Mason Jones,2020-21,PHI,0.775
Mason Plumlee,2016-17,DEN,2.083076923076923
Mason Plumlee,2016-17,POR,3.106666666666667
Mason Plumlee,2022-23,LAC,2.244545454545454
Matisse Thybulle,2022-23,PHI,0.616923076923077
Matisse Thybulle,2022-23,POR,1.29875
Matt Barnes,2016-17,GSW,2.5833333333333335
Matt Barnes,2016-17,SAC,2.6966666666666668
Matt Ryan,2022-23,LAL,0.5114285714285715
Matt Ryan,2022-23,MIN,0.4699999999999999
Matt Thomas,2020-21,TOR,0.5206666666666666
Matt Thomas,2020-21,UTA,0.5738461538461538
Matthew Dellavedova,2018-19,CLE,1.8857894736842105
Matthew Dellavedova,2018-19,MIL,1.028
Maurice Harkless,2019-20,LAC,1.3523076923076924
Maurice Harkless,2019-20,NYK,1.6166666666666665
Maurice Harkless,2020-21,MIA,0.8363636363636363
Maurice Harkless,2020-21,SAC,1.4376923076923076
Mfiondu Kabengele,2020-21,CLE,1.130769230769231
Mfiondu Kabengele,2020-21,LAC,0.67875
Michael Carter-Williams,2014-15,MIL,3.9933333333333336
Michael Carter-Williams,2014-15,PHI,4.446875
Michael Carter-Williams,2018-19,HOU,1.0542857142857143
Michael Carter-Williams,2018-19,ORL,2.6941666666666664
Michael Kidd-Gilchrist,2019-20,DAL,0.89
Mike Conley,2022-23,MIN,4.783333333333334
Mike Conley,2022-23,UTA,4.683333333333333
Mike Dunleavy,2016-17,ATL,0.8541176470588235
Mike Dunleavy,2016-17,CLE,0.966923076923077
Mike Muscala,2018-19,LAL,1.1842857142857142
Mike Muscala,2018-19,PHI,2.199375
Mike Muscala,2022-23,BOS,1.1392857142857145
Mike Muscala,2022-23,OKC,1.597857142857143
Mike Muscala,2023-24,DET,0.735
Mike Muscala,2023-24,OKC,0.6592307692307693
Mike Muscala,2023-24,WAS,1.330769230769231
Mike Scott,2018-19,LAC,1.1413333333333333
Mike Scott,2018-19,PHI,1.5933333333333333
Miles Plumlee,2014-15,MIL,0.7466666666666666
Miles Plumlee,2016-17,MIL,0.6829999999999999
Mo Bamba,2022-23,LAL,0.9816666666666668
Mo Bamba,2022-23,ORL,1.285
Mo Williams,2014-15,MIN,3.2252941176470586
Monte Morris,2023-24,DET,1.8058333333333334
Monte Morris,2023-24,MIN,1.5146666666666668
Montrezl Harrell,2021-22,WAS,2.561818181818182
Moritz Wagner,2020-21,BOS,0.8090909090909091
Moritz Wagner,2020-21,ORL,2.8918181818181816
Moritz Wagner,2020-21,WAS,1.6584615384615387
Moses Brown,2021-22,CLE,1.2209999999999999
Moses Brown,2021-22,DAL,0.32999999999999996
Moses Brown,2022-23,LAC,0.6266666666666666
Moses Wright,2021-22,DAL,0.732
Moses Wright,2021-22,LAC,1.0
Mychal Mulder,2021-22,MIA,1.8571428571428572
Mychal Mulder,2021-22,ORL,0.5060000000000001
Nando De Colo,2013-14,SAS,1.1039999999999999
Nando De Colo,2013-14,TOR,1.1715384615384614
Nate Robinson,2014-15,DEN,1.4385714285714286
Nate Robinson,2014-15,LAC,1.5207692307692307
Nate Wolters,2014-15,MIL,1.3461538461538463
Nate Wolters,2014-15,NOP,1.4625000000000001
Nemanja Bjelica,2020-21,MIA,1.56
Nemanja Bjelica,2020-21,SAC,1.9284615384615384
Nerlens Noel,2016-17,DAL,1.53
Nerlens Noel,2016-17,PHI,2.1972727272727273
Nerlens Noel,2022-23,DET,1.0063636363636363
Nickeil Alexander-Walker,2021-22,NOP,2.4092857142857147
Nickeil Alexander-Walker,2021-22,UTA,0.645
Nickeil Alexander-Walker,2022-23,MIN,1.1953333333333334
Nickeil Alexander-Walker,2022-23,UTA,1.5406666666666666
Nicolas Batum,2023-24,LAC,2.2075
Nicolas Batum,2023-24,PHI,1.393684210526316
Nigel Hayes,2017-18,LAL,1.0
Nigel Hayes,2017-18,SAC,3.022222222222222
Nigel Hayes,2017-18,TOR,1.25
Nik Stauskas,2017-18,PHI,0.466
Nik Stauskas,2018-19,CLE,1.02
Nik Stauskas,2018-19,POR,0.9942857142857143
Nik Stauskas,2021-22,BOS,0.434
Nik Stauskas,2021-22,MIA,1.9
Noah Vonleh,2017-18,CHI,2.49
Noah Vonleh,2017-18,POR,1.2716666666666667
Noah Vonleh,2019-20,DEN,0.6177777777777778
Noah Vonleh,2019-20,MIN,1.5185714285714287
Norman Powell,2020-21,POR,1.9770000000000003
Norman Powell,2020-21,TOR,1.325
Norman Powell,2021-22,LAC,1.6727272727272728
Norman Powell,2021-22,POR,1.276875
Norris Cole,2014-15,MIA,2.930625
Norris Cole,2014-15,NOP,2.8771428571428572
Norvel Pelle,2020-21,NYK,0.587
Norvel Pelle,2020-21,SAC,2.0
OG Anunoby,2023-24,NYK,1.7135714285714287
OG Anunoby,2023-24,TOR,2.519090909090909
Ochai Agbaji,2023-24,TOR,1.0621052631578947
Ochai Agbaji,2023-24,UTA,1.0976923076923077
Omri Casspi,2016-17,MIN,2.5655555555555556
Omri Casspi,2016-17,NOP,4.8
Omri Casspi,2016-17,SAC,2.098333333333333
Orlando Johnson,2013-14,IND,0.7083333333333334
Orlando Johnson,2013-14,SAC,0.71375
Orlando Johnson,2015-16,NOP,0.9
Othyus Jeffers,2013-14,MIN,1.1
Othyus Jeffers,2013-14,SAS,0.7222222222222222
Otto Porter Jr.,2018-19,CHI,2.6470000000000002
Otto Porter Jr.,2018-19,WAS,1.7570588235294118
Otto Porter Jr.,2020-21,CHI,1.9415384615384614
Otto Porter Jr.,2020-21,ORL,1.9329999999999998
P.J. Tucker,2016-17,TOR,2.2545454545454544
P.J. Tucker,2020-21,HOU,1.7335714285714288
P.J. Tucker,2020-21,MIL,1.28
P.J. Tucker,2023-24,LAC,0.7885714285714285
P.J. Tucker,2023-24,PHI,2.468
P.J. Washington,2023-24,DAL,2.455
Pablo Prigioni,2014-15,HOU,2.085
Pablo Prigioni,2014-15,NYK,2.211764705882353
Pascal Siakam,2023-24,IND,2.6084615384615386
Pascal Siakam,2023-24,TOR,2.6779999999999995
Patrick Beverley,2022-23,CHI,4.964444444444443
Patrick Beverley,2022-23,LAL,1.598125
Patrick Beverley,2023-24,MIL,2.1564285714285716
Patrick Beverley,2023-24,PHI,2.0052941176470584
Patrick McCaw,2018-19,CLE,1.4444444444444444
Patrick McCaw,2018-19,TOR,0.7444444444444446
Patrick Patterson,2013-14,SAC,2.266153846153846
Patrick Patterson,2013-14,TOR,2.1514285714285712
Patty Mills,2023-24,ATL,0.6078571428571429
Patty Mills,2023-24,MIA,1.1530769230769233
Pau Gasol,2018-19,MIL,1.6320000000000001
Pau Gasol,2018-19,SAS,2.1333333333333333
Paul Millsap,2021-22,PHI,1.37
Paul Watson,2019-20,ATL,0.8333333333333334
Paul Watson,2019-20,TOR,0.8572727272727273
Phil Pressey,2015-16,PHI,2.428
Precious Achiuwa,2023-24,NYK,1.3042105263157895
Precious Achiuwa,2023-24,TOR,2.112727272727273
Quentin Grimes,2023-24,DET,1.4583333333333333
Quentin Grimes,2023-24,NYK,0.9061111111111111
Quincy Acy,2013-14,SAC,1.0446666666666666
Quincy Acy,2013-14,TOR,1.4254545454545455
Quincy Acy,2016-17,DAL,1.1683333333333332
Quincy Miller,2014-15,DET,1.75
Quincy Miller,2014-15,SAC,0.7707692307692308
Quincy Pondexter,2014-15,MEM,1.1592307692307693
Quincy Pondexter,2014-15,NOP,1.3488235294117648
Quinn Cook,2016-17,DAL,2.5166666666666666
Quinn Cook,2016-17,NOP,2.1009090909090906
Quinn Cook,2020-21,CLE,1.8566666666666667
Quinn Cook,2020-21,LAL,0.46090909090909093
R.J. Hampton,2020-21,DEN,0.5466666666666666
R.J. Hampton,2020-21,ORL,1.3410526315789475
R.J. Hampton,2022-23,DET,1.0453333333333334
R.J. Hampton,2022-23,ORL,1.1179999999999999
RJ Barrett,2023-24,NYK,2.2245454545454546
RJ Barrett,2023-24,TOR,1.9015000000000004
Rajon Rondo,2014-15,BOS,5.63
Rajon Rondo,2014-15,DAL,3.961333333333333
Rajon Rondo,2020-21,ATL,1.9553333333333334
Rajon Rondo,2020-21,LAC,2.725
Rajon Rondo,2021-22,CLE,3.2592307692307694
Rajon Rondo,2021-22,LAL,1.9166666666666667
Ramon Sessions,2013-14,CHA,3.029230769230769
Ramon Sessions,2013-14,MIL,3.9484615384615385
Ramon Sessions,2014-15,SAC,2.3340000000000005
Ramon Sessions,2014-15,WAS,1.968235294117647
Ramon Sessions,2017-18,NYK,1.7078571428571425
Ramon Sessions,2017-18,WAS,2.3227272727272728
Randy Foye,2015-16,DEN,1.6473333333333333
Randy Foye,2015-16,OKC,1.4953846153846155
Rashad Vaughn,2017-18,MIL,0.34722222222222227
Rashad Vaughn,2017-18,ORL,1.5
Ray McCallum,2015-16,MEM,2.8000000000000003
Ray McCallum,2015-16,SAS,1.1907142857142858
Ray Spalding,2018-19,DAL,1.0
Rayjon Tucker,2021-22,DEN,0.666
Rayjon Tucker,2021-22,MIL,3.5
Reggie Bullock,2014-15,LAC,0.5876923076923077
Reggie Bullock,2018-19,DET,2.293846153846154
Reggie Bullock,2018-19,LAL,1.7191666666666665
Reggie Evans,2013-14,SAC,1.6645454545454543
Reggie Jackson,2014-15,DET,4.8475
Reggie Jackson,2014-15,OKC,2.54375
Reggie Jackson,2019-20,DET,3.4349999999999996
Reggie Jackson,2019-20,LAC,2.1799999999999997
Reggie Jackson,2022-23,DEN,1.8473333333333328
Reggie Jackson,2022-23,LAC,2.757857142857143
Reggie Perry,2021-22,IND,2.6666666666666665
Reggie Perry,2021-22,POR,1.3675000000000002
Richaun Holmes,2023-24,DAL,0.7542857142857142
Richaun Holmes,2023-24,WAS,1.1533333333333333
Ricky Ledo,2014-15,DAL,0.27999999999999997
Ricky Ledo,2014-15,NYK,2.6063636363636364
Robert Covington,2018-19,MIN,2.288181818181818
Robert Covington,2018-19,PHI,3.018888888888889
Robert Covington,2019-20,HOU,3.2683333333333326
Robert Covington,2019-20,MIN,2.171176470588235
Robert Covington,2021-22,LAC,1.7446666666666668
Robert Covington,2021-22,POR,2.5485714285714285
Robert Covington,2023-24,LAC,3.7142857142857144
Robert Covington,2023-24,PHI,1.2
Rodions Kurucs,2020-21,HOU,0.5064285714285715
Rodions Kurucs,2020-21,MIL,0.9333333333333336
Rodney Hood,2017-18,CLE,1.5409090909090908
Rodney Hood,2017-18,UTA,2.0875
Rodney Hood,2018-19,CLE,1.3363157894736843
Rodney Hood,2018-19,POR,1.4908333333333335
Rodney Hood,2020-21,POR,1.5341666666666665
Rodney Hood,2020-21,TOR,0.8206666666666667
Rodney Hood,2021-22,LAC,0.6772727272727272
Rodney Hood,2021-22,MIL,0.5725
Romeo Langford,2021-22,BOS,0.641875
Romeo Langford,2021-22,SAS,0.65
Ron Baker,2018-19,NYK,1.02
Ron Baker,2018-19,WAS,1.28125
Ronnie Brewer,2013-14,CHI,1.0
Ronnie Brewer,2013-14,HOU,0.5346153846153846
Roy Hibbert,2016-17,DEN,0.2333333333333333
Rudy Gay,2013-14,SAC,1.92
Rudy Gay,2013-14,TOR,2.3685714285714288
Rui Hachimura,2022-23,LAL,1.0286666666666666
Rui Hachimura,2022-23,WAS,1.5814285714285716
Russ Smith,2014-15,MEM,1.14
Russ Smith,2014-15,NOP,0.8666666666666667
Russell Westbrook,2022-23,LAC,4.569999999999999
Russell Westbrook,2022-23,LAL,2.4376470588235293
Ryan Anderson,2018-19,MIA,0.5
Ryan Arcidiacono,2022-23,NYK,0.5
Ryan Arcidiacono,2022-23,POR,2.7691666666666666
Ryan Hollins,2015-16,MEM,0.66375
Ryan Hollins,2015-16,WAS,1.2
Saben Lee,2022-23,PHI,2.25
Saddiq Bey,2022-23,ATL,1.4800000000000002
Saddiq Bey,2022-23,DET,1.8392857142857142
Sam Dekker,2018-19,CLE,1.9307692307692308
Sam Dekker,2018-19,WAS,0.8015789473684211
Sandro Mamukelashvili,2022-23,MIL,0.629375
Sandro Mamukelashvili,2022-23,SAS,2.2973333333333334
Sean Kilpatrick,2015-16,DEN,0.6542857142857141
Sean Kilpatrick,2017-18,CHI,1.6354545454545453
Sean Kilpatrick,2017-18,LAC,0.8636363636363636
Sean Kilpatrick,2017-18,MIL,0.401875
Semi Ojeleye,2021-22,LAC,0.7362500000000001
Semi Ojeleye,2021-22,MIL,0.70625
Serge Ibaka,2016-17,ORL,3.090909090909091
Serge Ibaka,2016-17,TOR,3.407
Serge Ibaka,2021-22,LAC,1.0299999999999998
Serge Ibaka,2021-22,MIL,0.9292857142857144
Seth Curry,2013-14,CLE,2.5
Seth Curry,2013-14,MEM,2.5
Seth Curry,2021-22,PHI,3.0249999999999995
Seth Curry,2023-24,DAL,0.8323529411764706
Shabazz Muhammad,2017-18,MIL,0.5533333333333333
Shabazz Muhammad,2017-18,MIN,0.38499999999999995
Shabazz Napier,2019-20,MIN,2.804705882352941
Shabazz Napier,2019-20,WAS,2.976666666666667
Shake Milton,2023-24,DET,1.3541666666666667
Shake Milton,2023-24,MIN,1.074
Shake Milton,2023-24,NYK,0.8666666666666667
Shannon Brown,2013-14,NYK,0.7391666666666667
Shannon Brown,2013-14,SAS,0.8899999999999999
Shaquille Harrison,2020-21,DEN,1.3253333333333333
Shaquille Harrison,2020-21,UTA,0.8942857142857142
Shavlik Randolph,2014-15,BOS,0.6222222222222222
Shawne Williams,2014-15,DET,0.8061538461538462
Shawne Williams,2014-15,MIA,1.7581250000000002
Shelvin Mack,2015-16,ATL,1.1721428571428572
Shelvin Mack,2015-16,UTA,5.075
Shelvin Mack,2018-19,MEM,2.2868421052631582
Simone Fontecchio,2023-24,DET,1.7946153846153847
Simone Fontecchio,2023-24,UTA,1.4157142857142855
Sindarius Thornwell,2020-21,NOP,0.39909090909090916
Sindarius Thornwell,2020-21,ORL,1.3033333333333335
Solomon Hill,2019-20,MEM,1.6271428571428572
Solomon Hill,2019-20,MIA,1.2714285714285711
Sonny Weems,2015-16,PHI,0.75
Spencer Dinwiddie,2021-22,DAL,2.477692307692308
Spencer Dinwiddie,2021-22,WAS,3.041176470588235
Spencer Dinwiddie,2022-23,DAL,2.7725
Spencer Dinwiddie,2023-24,LAL,1.482142857142857
Spencer Hawes,2013-14,CLE,4.608
Spencer Hawes,2013-14,PHI,4.070769230769231
Spencer Hawes,2016-17,MIL,1.0966666666666667
Stanley Johnson,2018-19,DET,1.9035714285714285
Stanley Johnson,2018-19,NOP,1.4286666666666668
Steve Blake,2013-14,GSW,2.6123076923076924
Steve Blake,2013-14,LAL,3.8618750000000004
Steve Novak,2014-15,OKC,0.7488888888888889
Steve Novak,2014-15,UTA,0.5576923076923076
Steve Novak,2015-16,MIL,0.8883333333333333
Steve Novak,2015-16,OKC,0.628
Svi Mykhailiuk,2018-19,DET,1.2233333333333334
Svi Mykhailiuk,2018-19,LAL,0.5393749999999999
Svi Mykhailiuk,2020-21,DET,1.0041176470588236
Svi Mykhailiuk,2020-21,OKC,1.3758823529411766
Svi Mykhailiuk,2022-23,NYK,0.4571428571428572
Taj Gibson,2016-17,CHI,3.389230769230769
Taj Gibson,2016-17,OKC,1.7458333333333336
Taj Gibson,2023-24,DET,1.21875
Taj Gibson,2023-24,NYK,0.7516666666666668
Tarik Black,2014-15,HOU,1.0785714285714285
Tarik Black,2014-15,LAL,1.6246666666666667
Taurean Prince,2020-21,CLE,1.3270588235294118
Tayshaun Prince,2014-15,BOS,2.1474999999999995
Tayshaun Prince,2014-15,DET,2.64
Tayshaun Prince,2014-15,MEM,1.8249999999999997
Terence Davis,2020-21,SAC,1.0611764705882354
Terence Davis,2020-21,TOR,0.9906666666666666
Terrence Jones,2016-17,MIL,1.25
Terrence Jones,2016-17,NOP,1.6423529411764706
Terrence Ross,2016-17,ORL,2.2630000000000003
Terrence Ross,2016-17,TOR,1.1616666666666664
Terrence Ross,2022-23,ORL,0.9313333333333331
Terry Rozier,2023-24,MIA,3.018666666666667
Terry Taylor,2022-23,CHI,0.6333333333333333
Terry Taylor,2022-23,IND,0.6221428571428571
Thaddeus Young,2014-15,MIN,2.966666666666667
Thaddeus Young,2021-22,SAS,1.78
Thaddeus Young,2021-22,TOR,1.6071428571428572
Thaddeus Young,2023-24,TOR,1.5246666666666668
Thomas Bryant,2022-23,DEN,0.9746153846153844
Thomas Bryant,2022-23,LAL,1.7941666666666667
Thomas Robinson,2014-15,PHI,2.4899999999999998
Thomas Robinson,2014-15,POR,0.8085714285714285
Thon Maker,2018-19,DET,1.7335714285714285
Thon Maker,2018-19,MIL,0.7894117647058824
Tim Frazier,2014-15,PHI,4.6292307692307695
Tim Frazier,2014-15,POR,2.3636363636363638
Tim Frazier,2015-16,NOP,4.083846153846154
Tim Frazier,2015-16,POR,1.1385714285714286
Tim Frazier,2018-19,MIL,2.3208333333333333
Tim Frazier,2018-19,NOP,2.4518750000000002
Tim Frazier,2021-22,CLE,1.0625
Tim Frazier,2021-22,ORL,2.3687500000000004
Tim Hardaway Jr.,2018-19,DAL,1.9230769230769231
Tim Hardaway Jr.,2018-19,NYK,2.293333333333334
Timofey Mozgov,2014-15,CLE,1.9700000000000002
Timofey Mozgov,2014-15,DEN,2.473333333333333
Tobias Harris,2015-16,DET,3.6653846153846157
Tobias Harris,2015-16,ORL,2.8
Tobias Harris,2017-18,DET,4.502307692307692
Tobias Harris,2017-18,LAC,2.51375
Tobias Harris,2018-19,LAC,2.7800000000000002
Tobias Harris,2018-19,PHI,2.450625
Toney Douglas,2013-14,GSW,1.2253846153846155
Toney Douglas,2013-14,MIA,1.5866666666666664
Tony Bradley,2020-21,OKC,1.52
Tony Bradley,2020-21,PHI,1.1416666666666666
Tony Mitchell,2013-14,MIL,0.6633333333333334
Tony Snell,2021-22,NOP,1.3007142857142857
Tony Snell,2021-22,POR,0.713125
Tornike Shengelia,2013-14,CHI,0.572
Torrey Craig,2020-21,MIL,0.7421428571428572
Torrey Craig,2021-22,IND,1.1588888888888889
Toure' Murry,2014-15,UTA,1.0
Toure' Murry,2014-15,WAS,1.0485714285714285
Tre Mann,2023-24,OKC,0.899375
Tremont Waters,2021-22,TOR,3.1875
Tremont Waters,2021-22,WAS,1.75
Treveon Graham,2019-20,ATL,0.8671428571428572
Treveon Graham,2019-20,MIN,1.19625
Trevor Ariza,2018-19,WAS,2.0599999999999996
Trevor Ariza,2019-20,POR,2.635
Trevor Ariza,2019-20,SAC,1.6492307692307693
Trevor Booker,2017-18,IND,1.6291666666666667
Trevor Booker,2017-18,PHI,1.5866666666666664
Trey Burke,2018-19,DAL,2.029333333333333
Trey Burke,2018-19,NYK,2.0693333333333332
Trey Burke,2019-20,DAL,1.9930769230769232
Trey Burke,2019-20,PHI,1.502
Trey Lyles,2021-22,DET,1.6786666666666668
Trey Lyles,2021-22,SAC,1.786153846153846
Tristan Thompson,2021-22,CHI,1.231
Tristan Thompson,2021-22,IND,2.5714285714285716
Tristan Thompson,2021-22,SAC,1.2461538461538462
Troy Brown Jr.,2020-21,CHI,0.9093333333333333
Troy Brown Jr.,2020-21,WAS,0.97
Troy Brown Jr.,2023-24,DET,0.956
Troy Brown Jr.,2023-24,MIN,0.6699999999999999
Troy Daniels,2014-15,HOU,0.4000000000000001
Troy Daniels,2014-15,MIN,0.7983333333333333
Troy Daniels,2019-20,DEN,0.875
Troy Daniels,2019-20,LAL,0.5438461538461539
Troy Williams,2016-17,HOU,1.625
Troy Williams,2016-17,MEM,1.0638461538461537
Troy Williams,2017-18,HOU,0.75
Troy Williams,2017-18,NYK,1.1353846153846154
Ty Lawson,2015-16,HOU,2.4885714285714284
Ty Lawson,2015-16,IND,2.361428571428571
Tyler Cook,2019-20,CLE,0.372
Tyler Cook,2019-20,DEN,2.375
Tyler Cook,2020-21,DET,0.9125
Tyler Dorsey,2018-19,ATL,0.44562500000000005
Tyler Dorsey,2018-19,MEM,1.4214285714285715
Tyler Ennis,2014-15,MIL,1.9230769230769234
Tyler Ennis,2016-17,HOU,0.9415384615384617
Tyler Ennis,2016-17,LAL,2.1923076923076925
Tyler Johnson,2018-19,MIA,2.0442857142857145
Tyler Johnson,2021-22,PHI,2.067
Tyler Johnson,2021-22,SAS,1.748333333333333
Tyler Zeller,2017-18,MIL,0.8915384615384616
Tyler Zeller,2018-19,ATL,1.5
Tyler Zeller,2018-19,MEM,2.15625
Tyreke Evans,2016-17,NOP,2.750833333333333
Tyreke Evans,2016-17,SAC,2.245833333333333
Tyrese Haliburton,2021-22,IND,4.726
Tyrese Haliburton,2021-22,SAC,3.7175
Tyson Chandler,2018-19,LAL,1.2023076923076923
Vernon Carey Jr.,2021-22,WAS,1.1875
Victor Oladipo,2020-21,HOU,2.6031250000000004
Victor Oladipo,2020-21,IND,2.9979999999999998
Victor Oladipo,2020-21,MIA,3.9444444444444446
Wayne Ellington,2018-19,DET,1.8154545454545454
Wayne Ellington,2018-19,MIA,1.2184615384615383
Wayne Selden,2016-17,MEM,0.9623076923076922
Wayne Selden,2016-17,NOP,1.3980000000000001
Wayne Selden,2018-19,CHI,0.948888888888889
Wayne Selden,2018-19,MEM,0.7753333333333333
Wendell Carter Jr.,2020-21,CHI,3.0933333333333337
Wendell Carter Jr.,2020-21,ORL,2.1
Wenyen Gabriel,2019-20,POR,0.827
Wenyen Gabriel,2019-20,SAC,0.43846153846153846
Wenyen Gabriel,2021-22,LAC,0.8222222222222223
Wenyen Gabriel,2021-22,LAL,0.8486666666666668
Wes Iwundu,2020-21,DAL,0.6287499999999999
Wes Iwundu,2020-21,NOP,0.9192857142857143
Wesley Johnson,2018-19,NOP,0.8073333333333333
Wesley Johnson,2018-19,WAS,0.725
Wesley Matthews,2018-19,DAL,1.7358333333333331
Wesley Matthews,2018-19,IND,2.341818181818182
Wesley Matthews,2018-19,NYK,2.7142857142857144
Will Barton,2014-15,DEN,1.9135714285714285
Will Barton,2014-15,POR,0.63
Will Barton,2022-23,TOR,1.237857142857143
Will Barton,2022-23,WAS,1.4124999999999999
Willie Cauley-Stein,2019-20,DAL,1.033076923076923
Willie Cauley-Stein,2019-20,GSW,2.1369230769230767
Willie Cauley-Stein,2021-22,DAL,0.9454545454545454
Willie Cauley-Stein,2021-22,PHI,2.6666666666666665
Willie Reed,2017-18,DET,0.33
Willie Reed,2017-18,LAC,0.6835714285714286
Wilson Chandler,2018-19,LAC,1.05
Wilson Chandler,2018-19,PHI,1.9307142857142856
Xavier Sneed,2021-22,MEM,0.625
Xavier Sneed,2021-22,UTA,0.7525
Yogi Ferrell,2016-17,DAL,2.6331578947368417
Yogi Ferrell,2020-21,CLE,3.4
Yogi Ferrell,2020-21,LAC,1.0415384615384615
Yuta Watanabe,2023-24,MEM,1.0
Zach Norvell,2019-20,GSW,1.233
Zach Norvell,2019-20,LAL,0.6666666666666666
